0,user0,name0,email0@yahoo.com
1,name1,user1,email1@yahoo.com
2,user2,name2,email2@yahoo.com
3,name3,user3,email3@yahoo.com
4,user4,name4,email4@yahoo.com
5,name5,user5,email5@yahoo.com
6,user6,name6,email6@yahoo.com
7,name7,user7,email7@yahoo.com
8,user8,name8,email8@yahoo.com
9,name9,user9,email9@yahoo.com
10,user10,name10,email10@yahoo.com
11,name11,user11,email11@yahoo.com
12,user12,name12,email12@yahoo.com
13,name13,user13,email13@yahoo.com
14,user14,name14,email14@yahoo.com
15,name15,user15,email15@yahoo.com
16,user16,name16,email16@yahoo.com
17,name17,user17,email17@yahoo.com
18,user18,name18,email18@yahoo.com
19,name19,user19,email19@yahoo.com
20,user20,name20,email20@yahoo.com
21,name21,user21,email21@yahoo.com
22,user22,name22,email22@yahoo.com
23,name23,user23,email23@yahoo.com
24,user24,name24,email24@yahoo.com
25,name25,user25,email25@yahoo.com
26,user26,name26,email26@yahoo.com
27,name27,user27,email27@yahoo.com
28,user28,name28,email28@yahoo.com
29,name29,user29,email29@yahoo.com
30,user30,name30,email30@yahoo.com
31,name31,user31,email31@yahoo.com
32,user32,name32,email32@yahoo.com
33,name33,user33,email33@yahoo.com
34,user34,name34,email34@yahoo.com
35,name35,user35,email35@yahoo.com
36,user36,name36,email36@yahoo.com
37,name37,user37,email37@yahoo.com
38,user38,name38,email38@yahoo.com
39,name39,user39,email39@yahoo.com
40,user40,name40,email40@yahoo.com
41,name41,user41,email41@yahoo.com
42,user42,name42,email42@yahoo.com
43,name43,user43,email43@yahoo.com
44,user44,name44,email44@yahoo.com
45,name45,user45,email45@yahoo.com
46,user46,name46,email46@yahoo.com
47,name47,user47,email47@yahoo.com
48,user48,name48,email48@yahoo.com
49,name49,user49,email49@yahoo.com
50,user50,name50,email50@yahoo.com
51,name51,user51,email51@yahoo.com
52,user52,name52,email52@yahoo.com
53,name53,user53,email53@yahoo.com
54,user54,name54,email54@yahoo.com
55,name55,user55,email55@yahoo.com
56,user56,name56,email56@yahoo.com
57,name57,user57,email57@yahoo.com
58,user58,name58,email58@yahoo.com
59,name59,user59,email59@yahoo.com
60,user60,name60,email60@yahoo.com
61,name61,user61,email61@yahoo.com
62,user62,name62,email62@yahoo.com
63,name63,user63,email63@yahoo.com
64,user64,name64,email64@yahoo.com
65,name65,user65,email65@yahoo.com
66,user66,name66,email66@yahoo.com
67,name67,user67,email67@yahoo.com
68,user68,name68,email68@yahoo.com
69,name69,user69,email69@yahoo.com
70,user70,name70,email70@yahoo.com
71,name71,user71,email71@yahoo.com
72,user72,name72,email72@yahoo.com
73,name73,user73,email73@yahoo.com
74,user74,name74,email74@yahoo.com
75,name75,user75,email75@yahoo.com
76,user76,name76,email76@yahoo.com
77,name77,user77,email77@yahoo.com
78,user78,name78,email78@yahoo.com
79,name79,user79,email79@yahoo.com
80,user80,name80,email80@yahoo.com
81,name81,user81,email81@yahoo.com
82,user82,name82,email82@yahoo.com
83,name83,user83,email83@yahoo.com
84,user84,name84,email84@yahoo.com
85,name85,user85,email85@yahoo.com
86,user86,name86,email86@yahoo.com
87,name87,user87,email87@yahoo.com
88,user88,name88,email88@yahoo.com
89,name89,user89,email89@yahoo.com
90,user90,name90,email90@yahoo.com
91,name91,user91,email91@yahoo.com
92,user92,name92,email92@yahoo.com
93,name93,user93,email93@yahoo.com
94,user94,name94,email94@yahoo.com
95,name95,user95,email95@yahoo.com
96,user96,name96,email96@yahoo.com
97,name97,user97,email97@yahoo.com
98,user98,name98,email98@yahoo.com
99,name99,user99,email99@yahoo.com