0,name0,license0,description0,https://source0.com
1,name1,description1,https://source1.com,license1
2,name2,https://source2.com,license2,description2
3,name3,license3,description3,https://source3.com
4,name4,description4,https://source4.com,license4
5,name5,https://source5.com,license5,description5
6,name6,license6,description6,https://source6.com
7,name7,description7,https://source7.com,license7
8,name8,https://source8.com,license8,description8
9,name9,license9,description9,https://source9.com
10,name10,description10,https://source10.com,license10
11,name11,https://source11.com,license11,description11
12,name12,license12,description12,https://source12.com
13,name13,description13,https://source13.com,license13
14,name14,https://source14.com,license14,description14
15,name15,license15,description15,https://source15.com
16,name16,description16,https://source16.com,license16
17,name17,https://source17.com,license17,description17
18,name18,license18,description18,https://source18.com
19,name19,description19,https://source19.com,license19
20,name20,https://source20.com,license20,description20
21,name21,license21,description21,https://source21.com
22,name22,description22,https://source22.com,license22
23,name23,https://source23.com,license23,description23
24,name24,license24,description24,https://source24.com
25,name25,description25,https://source25.com,license25
26,name26,https://source26.com,license26,description26
27,name27,license27,description27,https://source27.com
28,name28,description28,https://source28.com,license28
29,name29,https://source29.com,license29,description29
30,name30,license30,description30,https://source30.com
31,name31,description31,https://source31.com,license31
32,name32,https://source32.com,license32,description32
33,name33,license33,description33,https://source33.com
34,name34,description34,https://source34.com,license34
35,name35,https://source35.com,license35,description35
36,name36,license36,description36,https://source36.com
37,name37,description37,https://source37.com,license37
38,name38,https://source38.com,license38,description38
39,name39,license39,description39,https://source39.com
40,name40,description40,https://source40.com,license40
41,name41,https://source41.com,license41,description41
42,name42,license42,description42,https://source42.com
43,name43,description43,https://source43.com,license43
44,name44,https://source44.com,license44,description44
45,name45,license45,description45,https://source45.com
46,name46,description46,https://source46.com,license46
47,name47,https://source47.com,license47,description47
48,name48,license48,description48,https://source48.com
49,name49,description49,https://source49.com,license49
50,name50,https://source50.com,license50,description50
51,name51,license51,description51,https://source51.com
52,name52,description52,https://source52.com,license52
53,name53,https://source53.com,license53,description53
54,name54,license54,description54,https://source54.com
55,name55,description55,https://source55.com,license55
56,name56,https://source56.com,license56,description56
57,name57,license57,description57,https://source57.com
58,name58,description58,https://source58.com,license58
59,name59,https://source59.com,license59,description59
60,name60,license60,description60,https://source60.com
61,name61,description61,https://source61.com,license61
62,name62,https://source62.com,license62,description62
63,name63,license63,description63,https://source63.com
64,name64,description64,https://source64.com,license64
65,name65,https://source65.com,license65,description65
66,name66,license66,description66,https://source66.com
67,name67,description67,https://source67.com,license67
68,name68,https://source68.com,license68,description68
69,name69,license69,description69,https://source69.com
70,name70,description70,https://source70.com,license70
71,name71,https://source71.com,license71,description71
72,name72,license72,description72,https://source72.com
73,name73,description73,https://source73.com,license73
74,name74,https://source74.com,license74,description74
75,name75,license75,description75,https://source75.com
76,name76,description76,https://source76.com,license76
77,name77,https://source77.com,license77,description77
78,name78,license78,description78,https://source78.com
79,name79,description79,https://source79.com,license79
80,name80,https://source80.com,license80,description80
81,name81,license81,description81,https://source81.com
82,name82,description82,https://source82.com,license82
83,name83,https://source83.com,license83,description83
84,name84,license84,description84,https://source84.com
85,name85,description85,https://source85.com,license85
86,name86,https://source86.com,license86,description86
87,name87,license87,description87,https://source87.com
88,name88,description88,https://source88.com,license88
89,name89,https://source89.com,license89,description89
90,name90,license90,description90,https://source90.com
91,name91,description91,https://source91.com,license91
92,name92,https://source92.com,license92,description92
93,name93,license93,description93,https://source93.com
94,name94,description94,https://source94.com,license94
95,name95,https://source95.com,license95,description95
96,name96,license96,description96,https://source96.com
97,name97,description97,https://source97.com,license97
98,name98,https://source98.com,license98,description98
99,name99,license99,description99,https://source99.com